in,out
0,0
1,1
2,2
3,3
4,4
5,5
6,6
7,7
8,8
9,9
10,10
11,11
12,12
13,13
14,14
15,15
16,16
17,17
18,18
19,19
20,20
21,21
22,22
23,23
24,24
25,25
26,26
27,27
28,28
29,29
30,30
31,31
32,32
33,33
34,34
35,35
36,36
37,37
38,38
39,39
40,40
41,41
42,42
43,43
44,44
45,45
46,46
47,47
48,48
49,49
50,50
51,51
52,52
53,53
54,54
55,55
56,56
57,57
58,58
59,59
60,60
61,61
62,62
63,63
64,320
65,321
66,322
67,323
68,324
69,325
70,326
71,327
72,328
73,329
74,330
75,331
76,332
77,333
78,334
79,335
80,336
81,337
82,338
83,339
84,340
85,341
86,342
87,343
88,344
89,345
90,346
91,347
92,348
93,349
94,350
95,351
96,352
97,353
98,354
99,355
100,356
101,357
102,358
103,359
104,360
105,361
106,362
107,363
108,364
109,365
110,366
111,367
112,368
113,369
114,370
115,371
116,372
117,373
118,374
119,375
120,376
121,377
122,378
123,379
124,380
125,381
126,382
127,383
128,384
129,385
130,386
131,387
132,388
133,389
134,390
135,391
136,392
137,393
138,394
139,395
140,396
141,397
142,398
143,399
144,400
145,401
146,402
147,403
148,404
149,405
150,406
151,407
152,408
153,409
154,410
155,411
156,412
157,413
158,414
159,415
160,416
161,417
162,418
163,419
164,420
165,421
166,422
167,423
168,424
169,425
170,426
171,427
172,428
173,429
174,430
175,431
176,432
177,433
178,434
179,435
180,436
181,437
182,438
183,439
184,440
185,441
186,442
187,443
188,444
189,445
190,446
191,447
192,192
193,193
194,194
195,195
196,196
197,197
198,198
199,199
200,200
201,201
202,202
203,203
204,204
205,205
206,206
207,207
208,208
209,209
210,210
211,211
212,212
213,213
214,214
215,215
216,216
217,217
218,218
219,219
220,220
221,221
222,222
223,223
224,224
225,225
226,226
227,227
228,228
229,229
230,230
231,231
232,232
233,233
234,234
235,235
236,236
237,237
238,238
239,239
240,240
241,241
242,242
243,243
244,244
245,245
246,246
247,247
248,248
249,249
250,250
251,251
252,252
253,253
254,254
255,255
256,256
257,257
258,258
259,259
260,260
261,261
262,262
263,263
264,264
265,265
266,266
267,267
268,268
269,269
270,270
271,271
272,272
273,273
274,274
275,275
276,276
277,277
278,278
279,279
280,280
281,281
282,282
283,283
284,284
285,285
286,286
287,287
288,288
289,289
290,290
291,291
292,292
293,293
294,294
295,295
296,296
297,297
298,298
299,299
300,300
301,301
302,302
303,303
304,304
305,305
306,306
307,307
308,308
309,309
310,310
311,311
312,312
313,313
314,314
315,315
316,316
317,317
318,318
319,319
320,64
321,65
322,66
323,67
324,68
325,69
326,70
327,71
328,72
329,73
330,74
331,75
332,76
333,77
334,78
335,79
336,80
337,81
338,82
339,83
340,84
341,85
342,86
343,87
344,88
345,89
346,90
347,91
348,92
349,93
350,94
351,95
352,96
353,97
354,98
355,99
356,100
357,101
358,102
359,103
360,104
361,105
362,106
363,107
364,108
365,109
366,110
367,111
368,112
369,113
370,114
371,115
372,116
373,117
374,118
375,119
376,120
377,121
378,122
379,123
380,124
381,125
382,126
383,127
384,640
385,641
386,642
387,643
388,644
389,645
390,646
391,647
392,648
393,649
394,650
395,651
396,652
397,653
398,654
399,655
400,656
401,657
402,658
403,659
404,660
405,661
406,662
407,663
408,664
409,665
410,666
411,667
412,668
413,669
414,670
415,671
416,672
417,673
418,674
419,675
420,676
421,677
422,678
423,679
424,680
425,681
426,682
427,683
428,684
429,685
430,686
431,687
432,688
433,689
434,690
435,691
436,692
437,693
438,694
439,695
440,696
441,697
442,698
443,699
444,700
445,701
446,702
447,703
448,448
449,449
450,450
451,451
452,452
453,453
454,454
455,455
456,456
457,457
458,458
459,459
460,460
461,461
462,462
463,463
464,464
465,465
466,466
467,467
468,468
469,469
470,470
471,471
472,472
473,473
474,474
475,475
476,476
477,477
478,478
479,479
480,480
481,481
482,482
483,483
484,484
485,485
486,486
487,487
488,488
489,489
490,490
491,491
492,492
493,493
494,494
495,495
496,496
497,497
498,498
499,499
500,500
501,501
502,502
503,503
504,504
505,505
506,506
507,507
508,508
509,509
510,510
511,511
512,704
513,705
514,706
515,707
516,708
517,709
518,710
519,711
520,712
521,713
522,714
523,715
524,716
525,717
526,718
527,719
528,720
529,721
530,722
531,723
532,724
533,725
534,726
535,727
536,728
537,729
538,730
539,731
540,732
541,733
542,734
543,735
544,736
545,737
546,738
547,739
548,740
549,741
550,742
551,743
552,744
553,745
554,746
555,747
556,748
557,749
558,750
559,751
560,752
561,753
562,754
563,755
564,756
565,757
566,758
567,759
568,760
569,761
570,762
571,763
572,764
573,765
574,766
575,767
576,896
577,897
578,898
579,899
580,900
581,901
582,902
583,903
584,904
585,905
586,906
587,907
588,908
589,909
590,910
591,911
592,912
593,913
594,914
595,915
596,916
597,917
598,918
599,919
600,920
601,921
602,922
603,923
604,924
605,925
606,926
607,927
608,928
609,929
610,930
611,931
612,932
613,933
614,934
615,935
616,936
617,937
618,938
619,939
620,940
621,941
622,942
623,943
624,944
625,945
626,946
627,947
628,948
629,949
630,950
631,951
632,952
633,953
634,954
635,955
636,956
637,957
638,958
639,959
640,-832
641,-833
642,-834
643,-835
644,-836
645,-837
646,-838
647,-839
648,-840
649,-841
650,-842
651,-843
652,-844
653,-845
654,-846
655,-847
656,-848
657,-849
658,-850
659,-851
660,-852
661,-853
662,-854
663,-855
664,-856
665,-857
666,-858
667,-859
668,-860
669,-861
670,-862
671,-863
672,-864
673,-865
674,-866
675,-867
676,-868
677,-869
678,-870
679,-871
680,-872
681,-873
682,-874
683,-875
684,-876
685,-877
686,-878
687,-879
688,-880
689,-881
690,-882
691,-883
692,-884
693,-885
694,-886
695,-887
696,-888
697,-889
698,-890
699,-891
700,-892
701,-893
702,-894
703,-895
704,512
705,513
706,514
707,515
708,516
709,517
710,518
711,519
712,520
713,521
714,522
715,523
716,524
717,525
718,526
719,527
720,528
721,529
722,530
723,531
724,532
725,533
726,534
727,535
728,536
729,537
730,538
731,539
732,540
733,541
734,542
735,543
736,544
737,545
738,546
739,547
740,548
741,549
742,550
743,551
744,552
745,553
746,554
747,555
748,556
749,557
750,558
751,559
752,560
753,561
754,562
755,563
756,564
757,565
758,566
759,567
760,568
761,569
762,570
763,571
764,572
765,573
766,574
767,575
768,960
769,961
770,962
771,963
772,964
773,965
774,966
775,967
776,968
777,969
778,970
779,971
780,972
781,973
782,974
783,975
784,976
785,977
786,978
787,979
788,980
789,981
790,982
791,983
792,984
793,985
794,986
795,987
796,988
797,989
798,990
799,991
800,992
801,993
802,994
803,995
804,996
805,997
806,998
807,999
808,1000
809,1001
810,1002
811,1003
812,1004
813,1005
814,1006
815,1007
816,1008
817,1009
818,1010
819,1011
820,1012
821,1013
822,1014
823,1015
824,1016
825,1017
826,1018
827,1019
828,1020
829,1021
830,1022
831,1023
832,-640
833,-641
834,-642
835,-643
836,-644
837,-645
838,-646
839,-647
840,-648
841,-649
842,-650
843,-651
844,-652
845,-653
846,-654
847,-655
848,-656
849,-657
850,-658
851,-659
852,-660
853,-661
854,-662
855,-663
856,-664
857,-665
858,-666
859,-667
860,-668
861,-669
862,-670
863,-671
864,-672
865,-673
866,-674
867,-675
868,-676
869,-677
870,-678
871,-679
872,-680
873,-681
874,-682
875,-683
876,-684
877,-685
878,-686
879,-687
880,-688
881,-689
882,-690
883,-691
884,-692
885,-693
886,-694
887,-695
888,-696
889,-697
890,-698
891,-699
892,-700
893,-701
894,-702
895,-703
896,576
897,577
898,578
899,579
900,580
901,581
902,582
903,583
904,584
905,585
906,586
907,587
908,588
909,589
910,590
911,591
912,592
913,593
914,594
915,595
916,596
917,597
918,598
919,599
920,600
921,601
922,602
923,603
924,604
925,605
926,606
927,607
928,608
929,609
930,610
931,611
932,612
933,613
934,614
935,615
936,616
937,617
938,618
939,619
940,620
941,621
942,622
943,623
944,624
945,625
946,626
947,627
948,628
949,629
950,630
951,631
952,632
953,633
954,634
955,635
956,636
957,637
958,638
959,639
960,768
961,769
962,770
963,771
964,772
965,773
966,774
967,775
968,776
969,777
970,778
971,779
972,780
973,781
974,782
975,783
976,784
977,785
978,786
979,787
980,788
981,789
982,790
983,791
984,792
985,793
986,794
987,795
988,796
989,797
990,798
991,799
992,800
993,801
994,802
995,803
996,804
997,805
998,806
999,807
1000,808
1001,809
1002,810
1003,811
1004,812
1005,813
1006,814
1007,815
1008,816
1009,817
1010,818
1011,819
1012,820
1013,821
1014,822
1015,823
1016,824
1017,825
1018,826
1019,827
1020,828
1021,829
1022,830
1023,831
1024,1024
1025,1025
1026,1026
1027,1027
1028,1028
1029,1029
1030,1030
1031,1031
1032,1032
1033,1033
1034,1034
1035,1035
1036,1036
1037,1037
1038,1038
1039,1039
1040,1040
1041,1041
1042,1042
1043,1043
1044,1044
1045,1045
1046,1046
1047,1047
1048,1048
1049,1049
1050,1050
1051,1051
1052,1052
1053,1053
1054,1054
1055,1055
1056,1056
1057,1057
1058,1058
1059,1059
1060,1060
1061,1061
1062,1062
1063,1063
1064,1064
1065,1065
1066,1066
1067,1067
1068,1068
1069,1069
1070,1070
1071,1071
1072,1072
1073,1073
1074,1074
1075,1075
1076,1076
1077,1077
1078,1078
1079,1079
1080,1080
1081,1081
1082,1082
1083,1083
1084,1084
1085,1085
1086,1086
1087,1087
1088,1344
1089,1345
1090,1346
1091,1347
1092,1348
1093,1349
1094,1350
1095,1351
1096,1352
1097,1353
1098,1354
1099,1355
1100,1356
1101,1357
1102,1358
1103,1359
1104,1360
1105,1361
1106,1362
1107,1363
1108,1364
1109,1365
1110,1366
1111,1367
1112,1368
1113,1369
1114,1370
1115,1371
1116,1372
1117,1373
1118,1374
1119,1375
1120,1376
1121,1377
1122,1378
1123,1379
1124,1380
1125,1381
1126,1382
1127,1383
1128,1384
1129,1385
1130,1386
1131,1387
1132,1388
1133,1389
1134,1390
1135,1391
1136,1392
1137,1393
1138,1394
1139,1395
1140,1396
1141,1397
1142,1398
1143,1399
1144,1400
1145,1401
1146,1402
1147,1403
1148,1404
1149,1405
1150,1406
1151,1407
1152,1408
1153,1409
1154,1410
1155,1411
1156,1412
1157,1413
1158,1414
1159,1415
1160,1416
1161,1417
1162,1418
1163,1419
1164,1420
1165,1421
1166,1422
1167,1423
1168,1424
1169,1425
1170,1426
1171,1427
1172,1428
1173,1429
1174,1430
1175,1431
1176,1432
1177,1433
1178,1434
1179,1435
1180,1436
1181,1437
1182,1438
1183,1439
1184,1440
1185,1441
1186,1442
1187,1443
1188,1444
1189,1445
1190,1446
1191,1447
1192,1448
1193,1449
1194,1450
1195,1451
1196,1452
1197,1453
1198,1454
1199,1455
1200,1456
1201,1457
1202,1458
1203,1459
1204,1460
1205,1461
1206,1462
1207,1463
1208,1464
1209,1465
1210,1466
1211,1467
1212,1468
1213,1469
1214,1470
1215,1471
1216,1216
1217,1217
1218,1218
1219,1219
1220,1220
1221,1221
1222,1222
1223,1223
1224,1224
1225,1225
1226,1226
1227,1227
1228,1228
1229,1229
1230,1230
1231,1231
1232,1232
1233,1233
1234,1234
1235,1235
1236,1236
1237,1237
1238,1238
1239,1239
1240,1240
1241,1241
1242,1242
1243,1243
1244,1244
1245,1245
1246,1246
1247,1247
1248,1248
1249,1249
1250,1250
1251,1251
1252,1252
1253,1253
1254,1254
1255,1255
1256,1256
1257,1257
1258,1258
1259,1259
1260,1260
1261,1261
1262,1262
1263,1263
1264,1264
1265,1265
1266,1266
1267,1267
1268,1268
1269,1269
1270,1270
1271,1271
1272,1272
1273,1273
1274,1274
1275,1275
1276,1276
1277,1277
1278,1278
1279,1279
1280,1280
1281,1281
1282,1282
1283,1283
1284,1284
1285,1285
1286,1286
1287,1287
1288,1288
1289,1289
1290,1290
1291,1291
1292,1292
1293,1293
1294,1294
1295,1295
1296,1296
1297,1297
1298,1298
1299,1299
1300,1300
1301,1301
1302,1302
1303,1303
1304,1304
1305,1305
1306,1306
1307,1307
1308,1308
1309,1309
1310,1310
1311,1311
1312,1312
1313,1313
1314,1314
1315,1315
1316,1316
1317,1317
1318,1318
1319,1319
1320,1320
1321,1321
1322,1322
1323,1323
1324,1324
1325,1325
1326,1326
1327,1327
1328,1328
1329,1329
1330,1330
1331,1331
1332,1332
1333,1333
1334,1334
1335,1335
1336,1336
1337,1337
1338,1338
1339,1339
1340,1340
1341,1341
1342,1342
1343,1343
1344,1088
1345,1089
1346,1090
1347,1091
1348,1092
1349,1093
1350,1094
1351,1095
1352,1096
1353,1097
1354,1098
1355,1099
1356,1100
1357,1101
1358,1102
1359,1103
1360,1104
1361,1105
1362,1106
1363,1107
1364,1108
1365,1109
1366,1110
1367,1111
1368,1112
1369,1113
1370,1114
1371,1115
1372,1116
1373,1117
1374,1118
1375,1119
1376,1120
1377,1121
1378,1122
1379,1123
1380,1124
1381,1125
1382,1126
1383,1127
1384,1128
1385,1129
1386,1130
1387,1131
1388,1132
1389,1133
1390,1134
1391,1135
1392,1136
1393,1137
1394,1138
1395,1139
1396,1140
1397,1141
1398,1142
1399,1143
1400,1144
1401,1145
1402,1146
1403,1147
1404,1148
1405,1149
1406,1150
1407,1151
1408,1664
1409,1665
1410,1666
1411,1667
1412,1668
1413,1669
1414,1670
1415,1671
1416,1672
1417,1673
1418,1674
1419,1675
1420,1676
1421,1677
1422,1678
1423,1679
1424,1680
1425,1681
1426,1682
1427,1683
1428,1684
1429,1685
1430,1686
1431,1687
1432,1688
1433,1689
1434,1690
1435,1691
1436,1692
1437,1693
1438,1694
1439,1695
1440,1696
1441,1697
1442,1698
1443,1699
1444,1700
1445,1701
1446,1702
1447,1703
1448,1704
1449,1705
1450,1706
1451,1707
1452,1708
1453,1709
1454,1710
1455,1711
1456,1712
1457,1713
1458,1714
1459,1715
1460,1716
1461,1717
1462,1718
1463,1719
1464,1720
1465,1721
1466,1722
1467,1723
1468,1724
1469,1725
1470,1726
1471,1727
1472,1472
1473,1473
1474,1474
1475,1475
1476,1476
1477,1477
1478,1478
1479,1479
1480,1480
1481,1481
1482,1482
1483,1483
1484,1484
1485,1485
1486,1486
1487,1487
1488,1488
1489,1489
1490,1490
1491,1491
1492,1492
1493,1493
1494,1494
1495,1495
1496,1496
1497,1497
1498,1498
1499,1499
1500,1500
1501,1501
1502,1502
1503,1503
1504,1504
1505,1505
1506,1506
1507,1507
1508,1508
1509,1509
1510,1510
1511,1511
1512,1512
1513,1513
1514,1514
1515,1515
1516,1516
1517,1517
1518,1518
1519,1519
1520,1520
1521,1521
1522,1522
1523,1523
1524,1524
1525,1525
1526,1526
1527,1527
1528,1528
1529,1529
1530,1530
1531,1531
1532,1532
1533,1533
1534,1534
1535,1535
1536,1728
1537,1729
1538,1730
1539,1731
1540,1732
1541,1733
1542,1734
1543,1735
1544,1736
1545,1737
1546,1738
1547,1739
1548,1740
1549,1741
1550,1742
1551,1743
1552,1744
1553,1745
1554,1746
1555,1747
1556,1748
1557,1749
1558,1750
1559,1751
1560,1752
1561,1753
1562,1754
1563,1755
1564,1756
1565,1757
1566,1758
1567,1759
1568,1760
1569,1761
1570,1762
1571,1763
1572,1764
1573,1765
1574,1766
1575,1767
1576,1768
1577,1769
1578,1770
1579,1771
1580,1772
1581,1773
1582,1774
1583,1775
1584,1776
1585,1777
1586,1778
1587,1779
1588,1780
1589,1781
1590,1782
1591,1783
1592,1784
1593,1785
1594,1786
1595,1787
1596,1788
1597,1789
1598,1790
1599,1791
1600,1920
1601,1921
1602,1922
1603,1923
1604,1924
1605,1925
1606,1926
1607,1927
1608,1928
1609,1929
1610,1930
1611,1931
1612,1932
1613,1933
1614,1934
1615,1935
1616,1936
1617,1937
1618,1938
1619,1939
1620,1940
1621,1941
1622,1942
1623,1943
1624,1944
1625,1945
1626,1946
1627,1947
1628,1948
1629,1949
1630,1950
1631,1951
1632,1952
1633,1953
1634,1954
1635,1955
1636,1956
1637,1957
1638,1958
1639,1959
1640,1960
1641,1961
1642,1962
1643,1963
1644,1964
1645,1965
1646,1966
1647,1967
1648,1968
1649,1969
1650,1970
1651,1971
1652,1972
1653,1973
1654,1974
1655,1975
1656,1976
1657,1977
1658,1978
1659,1979
1660,1980
1661,1981
1662,1982
1663,1983
1664,-1856
1665,-1857
1666,-1858
1667,-1859
1668,-1860
1669,-1861
1670,-1862
1671,-1863
1672,-1864
1673,-1865
1674,-1866
1675,-1867
1676,-1868
1677,-1869
1678,-1870
1679,-1871
1680,-1872
1681,-1873
1682,-1874
1683,-1875
1684,-1876
1685,-1877
1686,-1878
1687,-1879
1688,-1880
1689,-1881
1690,-1882
1691,-1883
1692,-1884
1693,-1885
1694,-1886
1695,-1887
1696,-1888
1697,-1889
1698,-1890
1699,-1891
1700,-1892
1701,-1893
1702,-1894
1703,-1895
1704,-1896
1705,-1897
1706,-1898
1707,-1899
1708,-1900
1709,-1901
1710,-1902
1711,-1903
1712,-1904
1713,-1905
1714,-1906
1715,-1907
1716,-1908
1717,-1909
1718,-1910
1719,-1911
1720,-1912
1721,-1913
1722,-1914
1723,-1915
1724,-1916
1725,-1917
1726,-1918
1727,-1919
1728,1536
1729,1537
1730,1538
1731,1539
1732,1540
1733,1541
1734,1542
1735,1543
1736,1544
1737,1545
1738,1546
1739,1547
1740,1548
1741,1549
1742,1550
1743,1551
1744,1552
1745,1553
1746,1554
1747,1555
1748,1556
1749,1557
1750,1558
1751,1559
1752,1560
1753,1561
1754,1562
1755,1563
1756,1564
1757,1565
1758,1566
1759,1567
1760,1568
1761,1569
1762,1570
1763,1571
1764,1572
1765,1573
1766,1574
1767,1575
1768,1576
1769,1577
1770,1578
1771,1579
1772,1580
1773,1581
1774,1582
1775,1583
1776,1584
1777,1585
1778,1586
1779,1587
1780,1588
1781,1589
1782,1590
1783,1591
1784,1592
1785,1593
1786,1594
1787,1595
1788,1596
1789,1597
1790,1598
1791,1599
1792,1984
1793,1985
1794,1986
1795,1987
1796,1988
1797,1989
1798,1990
1799,1991
1800,1992
1801,1993
1802,1994
1803,1995
1804,1996
1805,1997
1806,1998
1807,1999
1808,2000
1809,2001
1810,2002
1811,2003
1812,2004
1813,2005
1814,2006
1815,2007
1816,2008
1817,2009
1818,2010
1819,2011
1820,2012
1821,2013
1822,2014
1823,2015
1824,2016
1825,2017
1826,2018
1827,2019
1828,2020
1829,2021
1830,2022
1831,2023
1832,2024
1833,2025
1834,2026
1835,2027
1836,2028
1837,2029
1838,2030
1839,2031
1840,2032
1841,2033
1842,2034
1843,2035
1844,2036
1845,2037
1846,2038
1847,2039
1848,2040
1849,2041
1850,2042
1851,2043
1852,2044
1853,2045
1854,2046
1855,2047
1856,-1664
1857,-1665
1858,-1666
1859,-1667
1860,-1668
1861,-1669
1862,-1670
1863,-1671
1864,-1672
1865,-1673
1866,-1674
1867,-1675
1868,-1676
1869,-1677
1870,-1678
1871,-1679
1872,-1680
1873,-1681
1874,-1682
1875,-1683
1876,-1684
1877,-1685
1878,-1686
1879,-1687
1880,-1688
1881,-1689
1882,-1690
1883,-1691
1884,-1692
1885,-1693
1886,-1694
1887,-1695
1888,-1696
1889,-1697
1890,-1698
1891,-1699
1892,-1700
1893,-1701
1894,-1702
1895,-1703
1896,-1704
1897,-1705
1898,-1706
1899,-1707
1900,-1708
1901,-1709
1902,-1710
1903,-1711
1904,-1712
1905,-1713
1906,-1714
1907,-1715
1908,-1716
1909,-1717
1910,-1718
1911,-1719
1912,-1720
1913,-1721
1914,-1722
1915,-1723
1916,-1724
1917,-1725
1918,-1726
1919,-1727
1920,1600
1921,1601
1922,1602
1923,1603
1924,1604
1925,1605
1926,1606
1927,1607
1928,1608
1929,1609
1930,1610
1931,1611
1932,1612
1933,1613
1934,1614
1935,1615
1936,1616
1937,1617
1938,1618
1939,1619
1940,1620
1941,1621
1942,1622
1943,1623
1944,1624
1945,1625
1946,1626
1947,1627
1948,1628
1949,1629
1950,1630
1951,1631
1952,1632
1953,1633
1954,1634
1955,1635
1956,1636
1957,1637
1958,1638
1959,1639
1960,1640
1961,1641
1962,1642
1963,1643
1964,1644
1965,1645
1966,1646
1967,1647
1968,1648
1969,1649
1970,1650
1971,1651
1972,1652
1973,1653
1974,1654
1975,1655
1976,1656
1977,1657
1978,1658
1979,1659
1980,1660
1981,1661
1982,1662
1983,1663
1984,1792
1985,1793
1986,1794
1987,1795
1988,1796
1989,1797
1990,1798
1991,1799
1992,1800
1993,1801
1994,1802
1995,1803
1996,1804
1997,1805
1998,1806
1999,1807
2000,1808
2001,1809
2002,1810
2003,1811
2004,1812
2005,1813
2006,1814
2007,1815
2008,1816
2009,1817
2010,1818
2011,1819
2012,1820
2013,1821
2014,1822
2015,1823
2016,1824
2017,1825
2018,1826
2019,1827
2020,1828
2021,1829
2022,1830
2023,1831
2024,1832
2025,1833
2026,1834
2027,1835
2028,1836
2029,1837
2030,1838
2031,1839
2032,1840
2033,1841
2034,1842
2035,1843
2036,1844
2037,1845
2038,1846
2039,1847
2040,1848
2041,1849
2042,1850
2043,1851
2044,1852
2045,1853
2046,1854
2047,1855
2048,2048
2049,2049
2050,2050
2051,2051
2052,2052
2053,2053
2054,2054
2055,2055
2056,2056
2057,2057
2058,2058
2059,2059
2060,2060
2061,2061
2062,2062
2063,2063
2064,2064
2065,2065
2066,2066
2067,2067
2068,2068
2069,2069
2070,2070
2071,2071
2072,2072
2073,2073
2074,2074
2075,2075
2076,2076
2077,2077
2078,2078
2079,2079
2080,2080
2081,2081
2082,2082
2083,2083
2084,2084
2085,2085
2086,2086
2087,2087
2088,2088
2089,2089
2090,2090
2091,2091
2092,2092
2093,2093
2094,2094
2095,2095
2096,2096
2097,2097
2098,2098
2099,2099
2100,2100
2101,2101
2102,2102
2103,2103
2104,2104
2105,2105
2106,2106
2107,2107
2108,2108
2109,2109
2110,2110
2111,2111
2112,2368
2113,2369
2114,2370
2115,2371
2116,2372
2117,2373
2118,2374
2119,2375
2120,2376
2121,2377
2122,2378
2123,2379
2124,2380
2125,2381
2126,2382
2127,2383
2128,2384
2129,2385
2130,2386
2131,2387
2132,2388
2133,2389
2134,2390
2135,2391
2136,2392
2137,2393
2138,2394
2139,2395
2140,2396
2141,2397
2142,2398
2143,2399
2144,2400
2145,2401
2146,2402
2147,2403
2148,2404
2149,2405
2150,2406
2151,2407
2152,2408
2153,2409
2154,2410
2155,2411
2156,2412
2157,2413
2158,2414
2159,2415
2160,2416
2161,2417
2162,2418
2163,2419
2164,2420
2165,2421
2166,2422
2167,2423
2168,2424
2169,2425
2170,2426
2171,2427
2172,2428
2173,2429
2174,2430
2175,2431
2176,2432
2177,2433
2178,2434
2179,2435
2180,2436
2181,2437
2182,2438
2183,2439
2184,2440
2185,2441
2186,2442
2187,2443
2188,2444
2189,2445
2190,2446
2191,2447
2192,2448
2193,2449
2194,2450
2195,2451
2196,2452
2197,2453
2198,2454
2199,2455
2200,2456
2201,2457
2202,2458
2203,2459
2204,2460
2205,2461
2206,2462
2207,2463
2208,2464
2209,2465
2210,2466
2211,2467
2212,2468
2213,2469
2214,2470
2215,2471
2216,2472
2217,2473
2218,2474
2219,2475
2220,2476
2221,2477
2222,2478
2223,2479
2224,2480
2225,2481
2226,2482
2227,2483
2228,2484
2229,2485
2230,2486
2231,2487
2232,2488
2233,2489
2234,2490
2235,2491
2236,2492
2237,2493
2238,2494
2239,2495
2240,2240
2241,2241
2242,2242
2243,2243
2244,2244
2245,2245
2246,2246
2247,2247
2248,2248
2249,2249
2250,2250
2251,2251
2252,2252
2253,2253
2254,2254
2255,2255
2256,2256
2257,2257
2258,2258
2259,2259
2260,2260
2261,2261
2262,2262
2263,2263
2264,2264
2265,2265
2266,2266
2267,2267
2268,2268
2269,2269
2270,2270
2271,2271
2272,2272
2273,2273
2274,2274
2275,2275
2276,2276
2277,2277
2278,2278
2279,2279
2280,2280
2281,2281
2282,2282
2283,2283
2284,2284
2285,2285
2286,2286
2287,2287
2288,2288
2289,2289
2290,2290
2291,2291
2292,2292
2293,2293
2294,2294
2295,2295
2296,2296
2297,2297
2298,2298
2299,2299
2300,2300
2301,2301
2302,2302
2303,2303
2304,2304
2305,2305
2306,2306
2307,2307
2308,2308
2309,2309
2310,2310
2311,2311
2312,2312
2313,2313
2314,2314
2315,2315
2316,2316
2317,2317
2318,2318
2319,2319
2320,2320
2321,2321
2322,2322
2323,2323
2324,2324
2325,2325
2326,2326
2327,2327
2328,2328
2329,2329
2330,2330
2331,2331
2332,2332
2333,2333
2334,2334
2335,2335
2336,2336
2337,2337
2338,2338
2339,2339
2340,2340
2341,2341
2342,2342
2343,2343
2344,2344
2345,2345
2346,2346
2347,2347
2348,2348
2349,2349
2350,2350
2351,2351
2352,2352
2353,2353
2354,2354
2355,2355
2356,2356
2357,2357
2358,2358
2359,2359
2360,2360
2361,2361
2362,2362
2363,2363
2364,2364
2365,2365
2366,2366
2367,2367
2368,2112
2369,2113
2370,2114
2371,2115
2372,2116
2373,2117
2374,2118
2375,2119
2376,2120
2377,2121
2378,2122
2379,2123
2380,2124
2381,2125
2382,2126
2383,2127
2384,2128
2385,2129
2386,2130
2387,2131
2388,2132
2389,2133
2390,2134
2391,2135
2392,2136
2393,2137
2394,2138
2395,2139
2396,2140
2397,2141
2398,2142
2399,2143
2400,2144
2401,2145
2402,2146
2403,2147
2404,2148
2405,2149
2406,2150
2407,2151
2408,2152
2409,2153
2410,2154
2411,2155
2412,2156
2413,2157
2414,2158
2415,2159
2416,2160
2417,2161
2418,2162
2419,2163
2420,2164
2421,2165
2422,2166
2423,2167
2424,2168
2425,2169
2426,2170
2427,2171
2428,2172
2429,2173
2430,2174
2431,2175
2432,2688
2433,2689
2434,2690
2435,2691
2436,2692
2437,2693
2438,2694
2439,2695
2440,2696
2441,2697
2442,2698
2443,2699
2444,2700
2445,2701
2446,2702
2447,2703
2448,2704
2449,2705
2450,2706
2451,2707
2452,2708
2453,2709
2454,2710
2455,2711
2456,2712
2457,2713
2458,2714
2459,2715
2460,2716
2461,2717
2462,2718
2463,2719
2464,2720
2465,2721
2466,2722
2467,2723
2468,2724
2469,2725
2470,2726
2471,2727
2472,2728
2473,2729
2474,2730
2475,2731
2476,2732
2477,2733
2478,2734
2479,2735
2480,2736
2481,2737
2482,2738
2483,2739
2484,2740
2485,2741
2486,2742
2487,2743
2488,2744
2489,2745
2490,2746
2491,2747
2492,2748
2493,2749
2494,2750
2495,2751
2496,2496
2497,2497
2498,2498
2499,2499
2500,2500
2501,2501
2502,2502
2503,2503
2504,2504
2505,2505
2506,2506
2507,2507
2508,2508
2509,2509
2510,2510
2511,2511
2512,2512
2513,2513
2514,2514
2515,2515
2516,2516
2517,2517
2518,2518
2519,2519
2520,2520
2521,2521
2522,2522
2523,2523
2524,2524
2525,2525
2526,2526
2527,2527
2528,2528
2529,2529
2530,2530
2531,2531
2532,2532
2533,2533
2534,2534
2535,2535
2536,2536
2537,2537
2538,2538
2539,2539
2540,2540
2541,2541
2542,2542
2543,2543
2544,2544
2545,2545
2546,2546
2547,2547
2548,2548
2549,2549
2550,2550
2551,2551
2552,2552
2553,2553
2554,2554
2555,2555
2556,2556
2557,2557
2558,2558
2559,2559
2560,2752
2561,2753
2562,2754
2563,2755
2564,2756
2565,2757
2566,2758
2567,2759
2568,2760
2569,2761
2570,2762
2571,2763
2572,2764
2573,2765
2574,2766
2575,2767
2576,2768
2577,2769
2578,2770
2579,2771
2580,2772
2581,2773
2582,2774
2583,2775
2584,2776
2585,2777
2586,2778
2587,2779
2588,2780
2589,2781
2590,2782
2591,2783
2592,2784
2593,2785
2594,2786
2595,2787
2596,2788
2597,2789
2598,2790
2599,2791
2600,2792
2601,2793
2602,2794
2603,2795
2604,2796
2605,2797
2606,2798
2607,2799
2608,2800
2609,2801
2610,2802
2611,2803
2612,2804
2613,2805
2614,2806
2615,2807
2616,2808
2617,2809
2618,2810
2619,2811
2620,2812
2621,2813
2622,2814
2623,2815
2624,2944
2625,2945
2626,2946
2627,2947
2628,2948
2629,2949
2630,2950
2631,2951
2632,2952
2633,2953
2634,2954
2635,2955
2636,2956
2637,2957
2638,2958
2639,2959
2640,2960
2641,2961
2642,2962
2643,2963
2644,2964
2645,2965
2646,2966
2647,2967
2648,2968
2649,2969
2650,2970
2651,2971
2652,2972
2653,2973
2654,2974
2655,2975
2656,2976
2657,2977
2658,2978
2659,2979
2660,2980
2661,2981
2662,2982
2663,2983
2664,2984
2665,2985
2666,2986
2667,2987
2668,2988
2669,2989
2670,2990
2671,2991
2672,2992
2673,2993
2674,2994
2675,2995
2676,2996
2677,2997
2678,2998
2679,2999
2680,3000
2681,3001
2682,3002
2683,3003
2684,3004
2685,3005
2686,3006
2687,3007
2688,-2880
2689,-2881
2690,-2882
2691,-2883
2692,-2884
2693,-2885
2694,-2886
2695,-2887
2696,-2888
2697,-2889
2698,-2890
2699,-2891
2700,-2892
2701,-2893
2702,-2894
2703,-2895
2704,-2896
2705,-2897
2706,-2898
2707,-2899
2708,-2900
2709,-2901
2710,-2902
2711,-2903
2712,-2904
2713,-2905
2714,-2906
2715,-2907
2716,-2908
2717,-2909
2718,-2910
2719,-2911
2720,-2912
2721,-2913
2722,-2914
2723,-2915
2724,-2916
2725,-2917
2726,-2918
2727,-2919
2728,-2920
2729,-2921
2730,-2922
2731,-2923
2732,-2924
2733,-2925
2734,-2926
2735,-2927
2736,-2928
2737,-2929
2738,-2930
2739,-2931
2740,-2932
2741,-2933
2742,-2934
2743,-2935
2744,-2936
2745,-2937
2746,-2938
2747,-2939
2748,-2940
2749,-2941
2750,-2942
2751,-2943
2752,2560
2753,2561
2754,2562
2755,2563
2756,2564
2757,2565
2758,2566
2759,2567
2760,2568
2761,2569
2762,2570
2763,2571
2764,2572
2765,2573
2766,2574
2767,2575
2768,2576
2769,2577
2770,2578
2771,2579
2772,2580
2773,2581
2774,2582
2775,2583
2776,2584
2777,2585
2778,2586
2779,2587
2780,2588
2781,2589
2782,2590
2783,2591
2784,2592
2785,2593
2786,2594
2787,2595
2788,2596
2789,2597
2790,2598
2791,2599
2792,2600
2793,2601
2794,2602
2795,2603
2796,2604
2797,2605
2798,2606
2799,2607
2800,2608
2801,2609
2802,2610
2803,2611
2804,2612
2805,2613
2806,2614
2807,2615
2808,2616
2809,2617
2810,2618
2811,2619
2812,2620
2813,2621
2814,2622
2815,2623
2816,3008
2817,3009
2818,3010
2819,3011
2820,3012
2821,3013
2822,3014
2823,3015
2824,3016
2825,3017
2826,3018
2827,3019
2828,3020
2829,3021
2830,3022
2831,3023
2832,3024
2833,3025
2834,3026
2835,3027
2836,3028
2837,3029
2838,3030
2839,3031
2840,3032
2841,3033
2842,3034
2843,3035
2844,3036
2845,3037
2846,3038
2847,3039
2848,3040
2849,3041
2850,3042
2851,3043
2852,3044
2853,3045
2854,3046
2855,3047
2856,3048
2857,3049
2858,3050
2859,3051
2860,3052
2861,3053
2862,3054
2863,3055
2864,3056
2865,3057
2866,3058
2867,3059
2868,3060
2869,3061
2870,3062
2871,3063
2872,3064
2873,3065
2874,3066
2875,3067
2876,3068
2877,3069
2878,3070
2879,3071
2880,-2688
2881,-2689
2882,-2690
2883,-2691
2884,-2692
2885,-2693
2886,-2694
2887,-2695
2888,-2696
2889,-2697
2890,-2698
2891,-2699
2892,-2700
2893,-2701
2894,-2702
2895,-2703
2896,-2704
2897,-2705
2898,-2706
2899,-2707
2900,-2708
2901,-2709
2902,-2710
2903,-2711
2904,-2712
2905,-2713
2906,-2714
2907,-2715
2908,-2716
2909,-2717
2910,-2718
2911,-2719
2912,-2720
2913,-2721
2914,-2722
2915,-2723
2916,-2724
2917,-2725
2918,-2726
2919,-2727
2920,-2728
2921,-2729
2922,-2730
2923,-2731
2924,-2732
2925,-2733
2926,-2734
2927,-2735
2928,-2736
2929,-2737
2930,-2738
2931,-2739
2932,-2740
2933,-2741
2934,-2742
2935,-2743
2936,-2744
2937,-2745
2938,-2746
2939,-2747
2940,-2748
2941,-2749
2942,-2750
2943,-2751
2944,2624
2945,2625
2946,2626
2947,2627
2948,2628
2949,2629
2950,2630
2951,2631
2952,2632
2953,2633
2954,2634
2955,2635
2956,2636
2957,2637
2958,2638
2959,2639
2960,2640
2961,2641
2962,2642
2963,2643
2964,2644
2965,2645
2966,2646
2967,2647
2968,2648
2969,2649
2970,2650
2971,2651
2972,2652
2973,2653
2974,2654
2975,2655
2976,2656
2977,2657
2978,2658
2979,2659
2980,2660
2981,2661
2982,2662
2983,2663
2984,2664
2985,2665
2986,2666
2987,2667
2988,2668
2989,2669
2990,2670
2991,2671
2992,2672
2993,2673
2994,2674
2995,2675
2996,2676
2997,2677
2998,2678
2999,2679
3000,2680
3001,2681
3002,2682
3003,2683
3004,2684
3005,2685
3006,2686
3007,2687
3008,2816
3009,2817
3010,2818
3011,2819
3012,2820
3013,2821
3014,2822
3015,2823
3016,2824
3017,2825
3018,2826
3019,2827
3020,2828
3021,2829
3022,2830
3023,2831
3024,2832
3025,2833
3026,2834
3027,2835
3028,2836
3029,2837
3030,2838
3031,2839
3032,2840
3033,2841
3034,2842
3035,2843
3036,2844
3037,2845
3038,2846
3039,2847
3040,2848
3041,2849
3042,2850
3043,2851
3044,2852
3045,2853
3046,2854
3047,2855
3048,2856
3049,2857
3050,2858
3051,2859
3052,2860
3053,2861
3054,2862
3055,2863
3056,2864
3057,2865
3058,2866
3059,2867
3060,2868
3061,2869
3062,2870
3063,2871
3064,2872
3065,2873
3066,2874
3067,2875
3068,2876
3069,2877
3070,2878
3071,2879
3072,3072
3073,3073
3074,3074
3075,3075
3076,3076
3077,3077
3078,3078
3079,3079
3080,3080
3081,3081
3082,3082
3083,3083
3084,3084
3085,3085
3086,3086
3087,3087
3088,3088
3089,3089
3090,3090
3091,3091
3092,3092
3093,3093
3094,3094
3095,3095
3096,3096
3097,3097
3098,3098
3099,3099
3100,3100
3101,3101
3102,3102
3103,3103
3104,3104
3105,3105
3106,3106
3107,3107
3108,3108
3109,3109
3110,3110
3111,3111
3112,3112
3113,3113
3114,3114
3115,3115
3116,3116
3117,3117
3118,3118
3119,3119
3120,3120
3121,3121
3122,3122
3123,3123
3124,3124
3125,3125
3126,3126
3127,3127
3128,3128
3129,3129
3130,3130
3131,3131
3132,3132
3133,3133
3134,3134
3135,3135
3136,3392
3137,3393
3138,3394
3139,3395
3140,3396
3141,3397
3142,3398
3143,3399
3144,3400
3145,3401
3146,3402
3147,3403
3148,3404
3149,3405
3150,3406
3151,3407
3152,3408
3153,3409
3154,3410
3155,3411
3156,3412
3157,3413
3158,3414
3159,3415
3160,3416
3161,3417
3162,3418
3163,3419
3164,3420
3165,3421
3166,3422
3167,3423
3168,3424
3169,3425
3170,3426
3171,3427
3172,3428
3173,3429
3174,3430
3175,3431
3176,3432
3177,3433
3178,3434
3179,3435
3180,3436
3181,3437
3182,3438
3183,3439
3184,3440
3185,3441
3186,3442
3187,3443
3188,3444
3189,3445
3190,3446
3191,3447
3192,3448
3193,3449
3194,3450
3195,3451
3196,3452
3197,3453
3198,3454
3199,3455
3200,3456
3201,3457
3202,3458
3203,3459
3204,3460
3205,3461
3206,3462
3207,3463
3208,3464
3209,3465
3210,3466
3211,3467
3212,3468
3213,3469
3214,3470
3215,3471
3216,3472
3217,3473
3218,3474
3219,3475
3220,3476
3221,3477
3222,3478
3223,3479
3224,3480
3225,3481
3226,3482
3227,3483
3228,3484
3229,3485
3230,3486
3231,3487
3232,3488
3233,3489
3234,3490
3235,3491
3236,3492
3237,3493
3238,3494
3239,3495
3240,3496
3241,3497
3242,3498
3243,3499
3244,3500
3245,3501
3246,3502
3247,3503
3248,3504
3249,3505
3250,3506
3251,3507
3252,3508
3253,3509
3254,3510
3255,3511
3256,3512
3257,3513
3258,3514
3259,3515
3260,3516
3261,3517
3262,3518
3263,3519
3264,3264
3265,3265
3266,3266
3267,3267
3268,3268
3269,3269
3270,3270
3271,3271
3272,3272
3273,3273
3274,3274
3275,3275
3276,3276
3277,3277
3278,3278
3279,3279
3280,3280
3281,3281
3282,3282
3283,3283
3284,3284
3285,3285
3286,3286
3287,3287
3288,3288
3289,3289
3290,3290
3291,3291
3292,3292
3293,3293
3294,3294
3295,3295
3296,3296
3297,3297
3298,3298
3299,3299
3300,3300
3301,3301
3302,3302
3303,3303
3304,3304
3305,3305
3306,3306
3307,3307
3308,3308
3309,3309
3310,3310
3311,3311
3312,3312
3313,3313
3314,3314
3315,3315
3316,3316
3317,3317
3318,3318
3319,3319
3320,3320
3321,3321
3322,3322
3323,3323
3324,3324
3325,3325
3326,3326
3327,3327
3328,3328
3329,3329
3330,3330
3331,3331
3332,3332
3333,3333
3334,3334
3335,3335
3336,3336
3337,3337
3338,3338
3339,3339
3340,3340
3341,3341
3342,3342
3343,3343
3344,3344
3345,3345
3346,3346
3347,3347
3348,3348
3349,3349
3350,3350
3351,3351
3352,3352
3353,3353
3354,3354
3355,3355
3356,3356
3357,3357
3358,3358
3359,3359
3360,3360
3361,3361
3362,3362
3363,3363
3364,3364
3365,3365
3366,3366
3367,3367
3368,3368
3369,3369
3370,3370
3371,3371
3372,3372
3373,3373
3374,3374
3375,3375
3376,3376
3377,3377
3378,3378
3379,3379
3380,3380
3381,3381
3382,3382
3383,3383
3384,3384
3385,3385
3386,3386
3387,3387
3388,3388
3389,3389
3390,3390
3391,3391
3392,3136
3393,3137
3394,3138
3395,3139
3396,3140
3397,3141
3398,3142
3399,3143
3400,3144
3401,3145
3402,3146
3403,3147
3404,3148
3405,3149
3406,3150
3407,3151
3408,3152
3409,3153
3410,3154
3411,3155
3412,3156
3413,3157
3414,3158
3415,3159
3416,3160
3417,3161
3418,3162
3419,3163
3420,3164
3421,3165
3422,3166
3423,3167
3424,3168
3425,3169
3426,3170
3427,3171
3428,3172
3429,3173
3430,3174
3431,3175
3432,3176
3433,3177
3434,3178
3435,3179
3436,3180
3437,3181
3438,3182
3439,3183
3440,3184
3441,3185
3442,3186
3443,3187
3444,3188
3445,3189
3446,3190
3447,3191
3448,3192
3449,3193
3450,3194
3451,3195
3452,3196
3453,3197
3454,3198
3455,3199
3456,3712
3457,3713
3458,3714
3459,3715
3460,3716
3461,3717
3462,3718
3463,3719
3464,3720
3465,3721
3466,3722
3467,3723
3468,3724
3469,3725
3470,3726
3471,3727
3472,3728
3473,3729
3474,3730
3475,3731
3476,3732
3477,3733
3478,3734
3479,3735
3480,3736
3481,3737
3482,3738
3483,3739
3484,3740
3485,3741
3486,3742
3487,3743
3488,3744
3489,3745
3490,3746
3491,3747
3492,3748
3493,3749
3494,3750
3495,3751
3496,3752
3497,3753
3498,3754
3499,3755
3500,3756
3501,3757
3502,3758
3503,3759
3504,3760
3505,3761
3506,3762
3507,3763
3508,3764
3509,3765
3510,3766
3511,3767
3512,3768
3513,3769
3514,3770
3515,3771
3516,3772
3517,3773
3518,3774
3519,3775
3520,3520
3521,3521
3522,3522
3523,3523
3524,3524
3525,3525
3526,3526
3527,3527
3528,3528
3529,3529
3530,3530
3531,3531
3532,3532
3533,3533
3534,3534
3535,3535
3536,3536
3537,3537
3538,3538
3539,3539
3540,3540
3541,3541
3542,3542
3543,3543
3544,3544
3545,3545
3546,3546
3547,3547
3548,3548
3549,3549
3550,3550
3551,3551
3552,3552
3553,3553
3554,3554
3555,3555
3556,3556
3557,3557
3558,3558
3559,3559
3560,3560
3561,3561
3562,3562
3563,3563
3564,3564
3565,3565
3566,3566
3567,3567
3568,3568
3569,3569
3570,3570
3571,3571
3572,3572
3573,3573
3574,3574
3575,3575
3576,3576
3577,3577
3578,3578
3579,3579
3580,3580
3581,3581
3582,3582
3583,3583
3584,3776
3585,3777
3586,3778
3587,3779
3588,3780
3589,3781
3590,3782
3591,3783
3592,3784
3593,3785
3594,3786
3595,3787
3596,3788
3597,3789
3598,3790
3599,3791
3600,3792
3601,3793
3602,3794
3603,3795
3604,3796
3605,3797
3606,3798
3607,3799
3608,3800
3609,3801
3610,3802
3611,3803
3612,3804
3613,3805
3614,3806
3615,3807
3616,3808
3617,3809
3618,3810
3619,3811
3620,3812
3621,3813
3622,3814
3623,3815
3624,3816
3625,3817
3626,3818
3627,3819
3628,3820
3629,3821
3630,3822
3631,3823
3632,3824
3633,3825
3634,3826
3635,3827
3636,3828
3637,3829
3638,3830
3639,3831
3640,3832
3641,3833
3642,3834
3643,3835
3644,3836
3645,3837
3646,3838
3647,3839
3648,3968
3649,3969
3650,3970
3651,3971
3652,3972
3653,3973
3654,3974
3655,3975
3656,3976
3657,3977
3658,3978
3659,3979
3660,3980
3661,3981
3662,3982
3663,3983
3664,3984
3665,3985
3666,3986
3667,3987
3668,3988
3669,3989
3670,3990
3671,3991
3672,3992
3673,3993
3674,3994
3675,3995
3676,3996
3677,3997
3678,3998
3679,3999
3680,4000
3681,4001
3682,4002
3683,4003
3684,4004
3685,4005
3686,4006
3687,4007
3688,4008
3689,4009
3690,4010
3691,4011
3692,4012
3693,4013
3694,4014
3695,4015
3696,4016
3697,4017
3698,4018
3699,4019
3700,4020
3701,4021
3702,4022
3703,4023
3704,4024
3705,4025
3706,4026
3707,4027
3708,4028
3709,4029
3710,4030
3711,4031
3712,-3904
3713,-3905
3714,-3906
3715,-3907
3716,-3908
3717,-3909
3718,-3910
3719,-3911
3720,-3912
3721,-3913
3722,-3914
3723,-3915
3724,-3916
3725,-3917
3726,-3918
3727,-3919
3728,-3920
3729,-3921
3730,-3922
3731,-3923
3732,-3924
3733,-3925
3734,-3926
3735,-3927
3736,-3928
3737,-3929
3738,-3930
3739,-3931
3740,-3932
3741,-3933
3742,-3934
3743,-3935
3744,-3936
3745,-3937
3746,-3938
3747,-3939
3748,-3940
3749,-3941
3750,-3942
3751,-3943
3752,-3944
3753,-3945
3754,-3946
3755,-3947
3756,-3948
3757,-3949
3758,-3950
3759,-3951
3760,-3952
3761,-3953
3762,-3954
3763,-3955
3764,-3956
3765,-3957
3766,-3958
3767,-3959
3768,-3960
3769,-3961
3770,-3962
3771,-3963
3772,-3964
3773,-3965
3774,-3966
3775,-3967
3776,3584
3777,3585
3778,3586
3779,3587
3780,3588
3781,3589
3782,3590
3783,3591
3784,3592
3785,3593
3786,3594
3787,3595
3788,3596
3789,3597
3790,3598
3791,3599
3792,3600
3793,3601
3794,3602
3795,3603
3796,3604
3797,3605
3798,3606
3799,3607
3800,3608
3801,3609
3802,3610
3803,3611
3804,3612
3805,3613
3806,3614
3807,3615
3808,3616
3809,3617
3810,3618
3811,3619
3812,3620
3813,3621
3814,3622
3815,3623
3816,3624
3817,3625
3818,3626
3819,3627
3820,3628
3821,3629
3822,3630
3823,3631
3824,3632
3825,3633
3826,3634
3827,3635
3828,3636
3829,3637
3830,3638
3831,3639
3832,3640
3833,3641
3834,3642
3835,3643
3836,3644
3837,3645
3838,3646
3839,3647
3840,4032
3841,4033
3842,4034
3843,4035
3844,4036
3845,4037
3846,4038
3847,4039
3848,4040
3849,4041
3850,4042
3851,4043
3852,4044
3853,4045
3854,4046
3855,4047
3856,4048
3857,4049
3858,4050
3859,4051
3860,4052
3861,4053
3862,4054
3863,4055
3864,4056
3865,4057
3866,4058
3867,4059
3868,4060
3869,4061
3870,4062
3871,4063
3872,4064
3873,4065
3874,4066
3875,4067
3876,4068
3877,4069
3878,4070
3879,4071
3880,4072
3881,4073
3882,4074
3883,4075
3884,4076
3885,4077
3886,4078
3887,4079
3888,4080
3889,4081
3890,4082
3891,4083
3892,4084
3893,4085
3894,4086
3895,4087
3896,4088
3897,4089
3898,4090
3899,4091
3900,4092
3901,4093
3902,4094
3903,4095
3904,-3712
3905,-3713
3906,-3714
3907,-3715
3908,-3716
3909,-3717
3910,-3718
3911,-3719
3912,-3720
3913,-3721
3914,-3722
3915,-3723
3916,-3724
3917,-3725
3918,-3726
3919,-3727
3920,-3728
3921,-3729
3922,-3730
3923,-3731
3924,-3732
3925,-3733
3926,-3734
3927,-3735
3928,-3736
3929,-3737
3930,-3738
3931,-3739
3932,-3740
3933,-3741
3934,-3742
3935,-3743
3936,-3744
3937,-3745
3938,-3746
3939,-3747
3940,-3748
3941,-3749
3942,-3750
3943,-3751
3944,-3752
3945,-3753
3946,-3754
3947,-3755
3948,-3756
3949,-3757
3950,-3758
3951,-3759
3952,-3760
3953,-3761
3954,-3762
3955,-3763
3956,-3764
3957,-3765
3958,-3766
3959,-3767
3960,-3768
3961,-3769
3962,-3770
3963,-3771
3964,-3772
3965,-3773
3966,-3774
3967,-3775
3968,3648
3969,3649
3970,3650
3971,3651
3972,3652
3973,3653
3974,3654
3975,3655
3976,3656
3977,3657
3978,3658
3979,3659
3980,3660
3981,3661
3982,3662
3983,3663
3984,3664
3985,3665
3986,3666
3987,3667
3988,3668
3989,3669
3990,3670
3991,3671
3992,3672
3993,3673
3994,3674
3995,3675
3996,3676
3997,3677
3998,3678
3999,3679
4000,3680
4001,3681
4002,3682
4003,3683
4004,3684
4005,3685
4006,3686
4007,3687
4008,3688
4009,3689
4010,3690
4011,3691
4012,3692
4013,3693
4014,3694
4015,3695
4016,3696
4017,3697
4018,3698
4019,3699
4020,3700
4021,3701
4022,3702
4023,3703
4024,3704
4025,3705
4026,3706
4027,3707
4028,3708
4029,3709
4030,3710
4031,3711
4032,3840
4033,3841
4034,3842
4035,3843
4036,3844
4037,3845
4038,3846
4039,3847
4040,3848
4041,3849
4042,3850
4043,3851
4044,3852
4045,3853
4046,3854
4047,3855
4048,3856
4049,3857
4050,3858
4051,3859
4052,3860
4053,3861
4054,3862
4055,3863
4056,3864
4057,3865
4058,3866
4059,3867
4060,3868
4061,3869
4062,3870
4063,3871
4064,3872
4065,3873
4066,3874
4067,3875
4068,3876
4069,3877
4070,3878
4071,3879
4072,3880
4073,3881
4074,3882
4075,3883
4076,3884
4077,3885
4078,3886
4079,3887
4080,3888
4081,3889
4082,3890
4083,3891
4084,3892
4085,3893
4086,3894
4087,3895
4088,3896
4089,3897
4090,3898
4091,3899
4092,3900
4093,3901
4094,3902
4095,3903
